<?xml version="1.0" encoding="UTF-8"?>
<beans xmlns="http://www.springframework.org/schema/beans"
	xmlns:xsi="http://www.w3.org/2001/XMLSchema-instance" xmlns:p="http://www.springframework.org/schema/p"
	xmlns:context="http://www.springframework.org/schema/context"
	xmlns:mvc="http://www.springframework.org/schema/mvc"
	xsi:schemaLocation="http://www.springframework.org/schema/beans  
	http://www.springframework.org/schema/beans/spring-beans-4.2.xsd  
	http://www.springframework.org/schema/context  
	http://www.springframework.org/schema/context/spring-context-4.2.xsd  
	http://www.springframework.org/schema/mvc  
	http://www.springframework.org/schema/mvc/spring-mvc-4.2.xsd">
	
<!-- 	<bean id="jdbcConfigurer"
		class="org.springframework.beans.factory.config.PropertyPlaceholderConfigurer">
		<property name="locations">
			<list>
				<value>classpath*:dataSourceConfig.properties</value>
				<value>classpath*:log4j.properties</value>
				<value>classpath*:mongodb.properties</value>
			</list>
		</property>
	</bean> -->

	<!-- Configures the @Controller programming model -->
	<mvc:annotation-driven />
	<!-- 自动扫描controller包下的所有类，使其认为spring mvc的控制器 -->
	<context:component-scan base-package="com.jdab.platform">
		<context:include-filter type="annotation"
			expression="org.springframework.stereotype.Controller" />
	</context:component-scan>

	<!--配置拦截器, 多个拦截器,顺序执行 -->
	<!-- <mvc:interceptors> <mvc:interceptor> <mvc:mapping path="/*/*" /> <mvc:exclude-mapping 
		path="/login/**" /> <bean class="com.heliumApp.utils.common.CommonInterceptor"> 
		</bean> </mvc:interceptor> </mvc:interceptors> -->

	<!-- 定义跳转的文件的前后缀 ，视图模式配置 -->
	<bean
		class="org.springframework.web.servlet.view.InternalResourceViewResolver">
		<!-- 这里的配置我的理解是自动给后面controller的方法return的字符串加上前缀和后缀，变成一个 可用的url地址 -->
		<property name="viewClass"
			value="org.springframework.web.servlet.view.JstlView" />
		<property name="prefix" value="/jsp/" />
		<property name="suffix" value=".jsp" />
	</bean>

	<!-- 启动SpringMVC的注解功能，完成请求和注解POJO的映射 -->
	<bean
		class="org.springframework.web.servlet.mvc.annotation.AnnotationMethodHandlerAdapter">
		<property name="messageConverters">
			<list>
				<ref bean="mappingJacksonHttpMessageConverter" />	<!-- JSON转换器 -->
			</list>
		</property>
	</bean>

	<!-- Handles HTTP GET requests for /resources/** by efficiently serving 
		up static resources in the ${webappRoot}/resources/ directory -->
	<mvc:resources mapping="/css/**" location="/css/" />
	<mvc:resources mapping="/img/**" location="/img/" />
	<mvc:resources mapping="/js/**" location="/js/" />

	<!--避免IE执行AJAX时，返回JSON出现下载文件 -->
	<bean id="mappingJacksonHttpMessageConverter"
		class="org.springframework.http.converter.json.MappingJackson2HttpMessageConverter">
		<property name="supportedMediaTypes">
			<list>
				<value>text/html;charset=UTF-8</value>
			</list>
		</property>
	</bean>

	<!-- 配置文件上传，如果没有使用文件上传可以不用配置，当然如果不配，那么配置文件中也不必引入上传组件包 -->
	<bean id="multipartResolver"
		class="org.springframework.web.multipart.commons.CommonsMultipartResolver">
		<!-- 默认编码 -->
		<property name="defaultEncoding" value="utf-8" />
		<!-- 文件大小最大值 -->
		<property name="maxUploadSize" value="20485760000" />
		<!-- 内存中的最大值 -->
		<property name="maxInMemorySize" value="100960" />
	</bean>

	<!-- 配置无权限页面 -->
	<bean class="org.springframework.web.servlet.handler.SimpleMappingExceptionResolver">  
        <property name="exceptionMappings">  
            <props>  
                <prop key="org.apache.shiro.authz.UnauthorizedException">static/403.html</prop>
            </props>  
        </property>  
    </bean>
	<!--开启shiro的注解 -->
 	<bean id="lifecycleBeanPostProcessor" class="org.apache.shiro.spring.LifecycleBeanPostProcessor" />
	<bean id="advisorAutoProxyCreator"
		class="org.springframework.aop.framework.autoproxy.DefaultAdvisorAutoProxyCreator"
		depends-on="lifecycleBeanPostProcessor" />
	<bean id="authorizationAttributeSourceAdvisor"
		class="org.apache.shiro.spring.security.interceptor.AuthorizationAttributeSourceAdvisor">
		<property name="securityManager" ref="securityManager" />
	</bean>  
	<!-- Context 启动Bean 注入 -->
 	<bean id="appContext" class="com.jdab.platform.utils.AppContext"></bean>
	
	<mvc:annotation-driven>
	    <mvc:message-converters register-defaults="true">
	        <bean class="org.springframework.http.converter.json.MappingJackson2HttpMessageConverter">
	            <property name="objectMapper">
	                <bean class="com.fasterxml.jackson.databind.ObjectMapper">
	                    <property name="serializationInclusion">
	                        <value type="com.fasterxml.jackson.annotation.JsonInclude.Include">NON_NULL</value>
	                    </property>
	                </bean>
	            </property>
	        </bean>
	    </mvc:message-converters>
	</mvc:annotation-driven>

</beans>